{
  "task": "arith_v01_baseline",
  "floor": 0.07621599733829498,
  "floor_reason": "probe",
  "frontier": [
    [
      0.5,
      0.7185185185185186
    ],
    [
      0.3,
      0.7425925925925926
    ],
    [
      0.2,
      0.6895061728395062
    ],
    [
      0.1,
      0.8111111111111111
    ],
    [
      0.0762,
      0.8901234567901235
    ]
  ],
  "unmasked_self_match": 0.8932098765432098,
  "random_mask_self_match": 0.0,
  "steps": 1350,
  "wall_minutes": 8.087636085351308,
  "total_minutes": 8.097364616394042,
  "params_before": 1580643840,
  "params_after_slice": 475768832
}