{
  "name": "s42",
  "seed": 42,
  "config": {
    "ce_weight": 0.05,
    "lora_scope": "all"
  },
  "base_acc": 0.9740740740740741,
  "floor_frac": 0.021675189957022667,
  "steps_used": 3000,
  "evals": {
    "0.0500": {
      "acc": 0.6469135802469136,
      "recovery": 0.6641318124207858
    },
    "0.0300": {
      "acc": 0.6395061728395062,
      "recovery": 0.6565272496831432
    },
    "0.0217": {
      "acc": 0.6061728395061728,
      "recovery": 0.6223067173637515
    }
  },
  "unmasked_acc": 0.9345679012345679,
  "layers_open": 12,
  "wall_minutes": 12.8376424908638
}