{
  "task": "arith",
  "floor": 0.007091342005878687,
  "floor_reason": "max_steps",
  "frontier": [
    [
      0.5,
      0.9246913580246914
    ],
    [
      0.3,
      0.9209876543209876
    ],
    [
      0.2,
      0.9209876543209876
    ],
    [
      0.1,
      0.9098765432098765
    ],
    [
      0.05,
      0.921604938271605
    ],
    [
      0.0071,
      0.9111111111111111
    ]
  ],
  "probe_base": 0.9140625,
  "base_self_match": 0.9993827160493827,
  "unmasked_self_match": 0.9425925925925925,
  "random_mask_self_match": 0.0,
  "steps": 9000,
  "wall_minutes": 37.03680009047191,
  "vocab_support_size": 1746,
  "params_before": 1580643840,
  "params_after_slice_prune": 165165056,
  "sliced_self_match": 0.9296875,
  "pruned_self_match": 0.9296875,
  "bench_sliced_pruned": {
    "bs1": 52.0,
    "bs8": 393.9,
    "bs64": 3076.1
  },
  "params_base": 1543714304,
  "bench_base": {
    "bs1": 45.7,
    "bs8": 387.0,
    "bs64": 2951.2
  },
  "total_minutes": 37.626262454191846
}