{
  "task": "arith",
  "floor": 0.011998291127383709,
  "floor_reason": "min_target",
  "frontier": [
    [
      0.5,
      0.7722222222222223
    ],
    [
      0.3,
      0.7506172839506173
    ],
    [
      0.2,
      0.7641975308641975
    ],
    [
      0.1,
      0.8037037037037037
    ],
    [
      0.05,
      0.85
    ],
    [
      0.012,
      0.9203703703703704
    ]
  ],
  "probe_base": 1.0,
  "base_self_match": 0.9993827160493827,
  "unmasked_self_match": 0.941358024691358,
  "random_mask_self_match": 0.0,
  "steps": 4686,
  "wall_minutes": 23.418473331133523,
  "vocab_support_size": 1772,
  "params_before": 1580643840,
  "params_after_slice_prune": 170877440,
  "sliced_self_match": 0.9609375,
  "pruned_self_match": 0.953125,
  "bench_sliced_pruned": {
    "bs1": 39.3,
    "bs8": 295.5,
    "bs64": 2321.3
  },
  "params_base": 1543714304,
  "bench_base": {
    "bs1": 40.6,
    "bs8": 311.9,
    "bs64": 2425.5
  },
  "total_minutes": 24.130188874403636
}