{
  "model": "Qwen/Qwen2.5-Math-1.5B",
  "config": {
    "steps": 2400,
    "batch": 64,
    "lora_lr": 0.0001,
    "gate_lr": 0.05,
    "ce_weight": 0.05,
    "target_open": 0.04
  },
  "base_acc": 0.9753086419753086,
  "random_5pct": {
    "acc": 0.0,
    "recovery": 0.0
  },
  "rawmask_5pct": {
    "acc": 0.0024691358024691358,
    "recovery": 0.002531645569620253
  },
  "rawmask_25pct": {
    "acc": 0.717283950617284,
    "recovery": 0.7354430379746836
  },
  "joint_checkpoints": {
    "0.20": {
      "step": 1624,
      "acc": 0.9814814814814815,
      "recovery": 1.0063291139240507,
      "surrogate_kl": 0.0043549914844334126
    },
    "0.10": {
      "step": 1850,
      "acc": 0.9864197530864197,
      "recovery": 1.0113924050632912,
      "surrogate_kl": 0.00469074584543705
    },
    "0.05": {
      "step": 2122,
      "acc": 0.9901234567901235,
      "recovery": 1.0151898734177216,
      "surrogate_kl": 0.00566508574411273
    }
  },
  "joint_final": {
    "0.05": {
      "acc": 0.9827160493827161,
      "recovery": 1.0075949367088608,
      "surrogate_kl": 0.0072817448526620865
    },
    "0.04": {
      "acc": 0.9827160493827161,
      "recovery": 1.0075949367088608,
      "surrogate_kl": 0.00622774800285697
    },
    "0.03": {
      "acc": 0.980246913580247,
      "recovery": 1.0050632911392405,
      "surrogate_kl": 0.004938584286719561
    }
  },
  "collimated_unmasked_acc": 0.9382716049382716,
  "final_open_frac": 0.030576277524232864,
  "wall_minutes": 11.677276941140493
}