{
  "name": "fc4b",
  "model": "Qwen/Qwen3-4B",
  "seed": 42,
  "n_prompts": 400,
  "teacher_tool_calls": 391,
  "floor_frac": 0.11532425880432129,
  "floor_reason": "max_steps",
  "evals": {
    "0.5000": 0.775,
    "0.4000": 0.7625,
    "0.3000": 0.6625,
    "0.2000": 0.6,
    "0.1153": 0.45
  },
  "unmasked_self_match": 0.8625,
  "wall_minutes": 63.27903349399567
}